[{"pk": 1, "model": "assets.product", "fields": {"features": [21, 23, 1, 3, 28, 7, 9, 17, 18, 8], "name": "RescueMe Lite", "description": "The simplest RescueMe product"}}, {"pk": 2, "model": "assets.product", "fields": {"features": [21, 22, 23, 1, 3, 28, 2, 4, 7, 12, 9, 13, 17, 18, 8], "name": "RescueMe Standard", "description": "The product allows importing contacts from the smartphone. In addition, it contains the emergency numbers of a given region"}}, {"pk": 3, "model": "assets.product", "fields": {"features": [21, 22, 23, 24, 26, 25, 1, 3, 28, 2, 5, 4, 6, 7, 12, 11, 9, 10, 13, 17, 18, 8, 27], "name": "RescueMe Social", "description": "This product provides integration with social networks."}}, {"pk": 4, "model": "assets.product", "fields": {"features": [21, 22, 23, 24, 26, 25, 1, 3, 28, 2, 5, 4, 6, 7, 12, 11, 9, 10, 13, 17, 18, 8, 14, 16, 27], "name": "RescueMe Pro", "description": "This product allows the RescueMe contacts to track the person in an emergency situation."}}, {"pk": 5, "model": "assets.product", "fields": {"features": [21, 22, 23, 24, 26, 25, 1, 3, 28, 2, 5, 4, 6, 7, 12, 11, 9, 10, 13, 17, 18, 20, 19, 8, 14, 15, 16, 27], "name": "RescueMe Ultimate", "description": "The most complete RescueMe product."}}, {"pk": 1, "model": "assets.feature", "fields": {"variability": "mandatory", "binding_time": 1, "parent": null, "rght": 14, "excludes": [], "requires": [], "description": "The RescueMe contact contains useful information about people who receives the rescue message.", "level": 0, "lft": 1, "glossary": [2, 3], "tree_id": 3, "configuration": "", "type": "abstract", "name": "Contact"}}, {"pk": 2, "model": "assets.feature", "fields": {"variability": "optional", "binding_time": 1, "parent": 1, "rght": 13, "excludes": [], "requires": [], "description": "The application imports useful information about a RescueMe contact.", "level": 1, "lft": 6, "glossary": [2, 3], "tree_id": 3, "configuration": "", "type": "abstract", "name": "Import Contact"}}, {"pk": 3, "model": "assets.feature", "fields": {"variability": "mandatory", "binding_time": 1, "parent": 1, "rght": 3, "excludes": [], "requires": [], "description": "The application gets useful information provided manually by the user, without importing it.", "level": 1, "lft": 2, "glossary": [2, 3], "tree_id": 3, "configuration": "", "type": "concrete", "name": "Add Contact"}}, {"pk": 4, "model": "assets.feature", "fields": {"variability": "optional", "binding_time": 1, "parent": 2, "rght": 10, "excludes": [], "requires": [], "description": "The application imports information from the smartphone agenda to add it as a RescueMe contact.", "level": 2, "lft": 9, "glossary": [2, 3], "tree_id": 3, "configuration": "", "type": "concrete", "name": "Phone Import"}}, {"pk": 5, "model": "assets.feature", "fields": {"variability": "optional", "binding_time": 1, "parent": 2, "rght": 8, "excludes": [], "requires": [2], "description": "The application imports information from Facebook to add it as a RescueMe contact.", "level": 2, "lft": 7, "glossary": [2, 3, 12], "tree_id": 3, "configuration": "", "type": "concrete", "name": "Facebook Import"}}, {"pk": 6, "model": "assets.feature", "fields": {"variability": "optional", "binding_time": 1, "parent": 2, "rght": 12, "excludes": [], "requires": [], "description": "The application imports information from Twitter to add it as a RescueMe contact.", "level": 2, "lft": 11, "glossary": [11], "tree_id": 3, "configuration": "", "type": "concrete", "name": "Twitter Import"}}, {"pk": 7, "model": "assets.feature", "fields": {"variability": "mandatory", "binding_time": 1, "parent": null, "rght": 10, "excludes": [], "requires": [1, 8], "description": "The application sends a rescue message to the RescueMe contacts.", "level": 0, "lft": 1, "glossary": [4], "tree_id": 4, "configuration": "", "type": "abstract", "name": "Destination"}}, {"pk": 8, "model": "assets.feature", "fields": {"variability": "mandatory", "binding_time": 1, "parent": null, "rght": 2, "excludes": [], "requires": [], "description": "The application provides information about the user's position.", "level": 0, "lft": 1, "glossary": [6, 7, 13], "tree_id": 7, "configuration": "", "type": "concrete", "name": "Location"}}, {"pk": 9, "model": "assets.feature", "fields": {"variability": "mandatory", "binding_time": 1, "parent": 7, "rght": 7, "excludes": [], "requires": [1, 8], "description": "The application sends a rescue message through SMS to the RescueMe contacts.", "level": 1, "lft": 6, "glossary": [4, 10], "tree_id": 4, "configuration": "", "type": "concrete", "name": "SMS Destination"}}, {"pk": 10, "model": "assets.feature", "fields": {"variability": "optional", "binding_time": 1, "parent": 7, "rght": 9, "excludes": [], "requires": [6, 8], "description": "The application sends a rescue message through tweet to the RescueMe contacts.", "level": 1, "lft": 8, "glossary": [4, 11], "tree_id": 4, "configuration": "", "type": "concrete", "name": "Twitter Destination"}}, {"pk": 11, "model": "assets.feature", "fields": {"variability": "optional", "binding_time": 1, "parent": 7, "rght": 5, "excludes": [], "requires": [5, 8], "description": "The application sends a rescue message through private message to the RescueMe contacts.", "level": 1, "lft": 4, "glossary": [4, 12], "tree_id": 4, "configuration": "", "type": "concrete", "name": "Facebook Destination"}}, {"pk": 12, "model": "assets.feature", "fields": {"variability": "optional", "binding_time": 1, "parent": 7, "rght": 3, "excludes": [], "requires": [8], "description": "The application sends a rescue message through e-mail to the RescueMe contacts.", "level": 1, "lft": 2, "glossary": [4], "tree_id": 4, "configuration": "", "type": "concrete", "name": "E-mail Destination"}}, {"pk": 13, "model": "assets.feature", "fields": {"variability": "optional", "binding_time": 1, "parent": null, "rght": 2, "excludes": [], "requires": [8], "description": "The application provides emergency numbers according to the user location.", "level": 0, "lft": 1, "glossary": [5, 7], "tree_id": 5, "configuration": "", "type": "concrete", "name": "Emergency Numbers"}}, {"pk": 14, "model": "assets.feature", "fields": {"variability": "optional", "binding_time": 1, "parent": null, "rght": 6, "excludes": [], "requires": [1, 8], "description": "The application sends periodical information about the user's position for the RescueMe contacts.", "level": 0, "lft": 1, "glossary": [9], "tree_id": 8, "configuration": "", "type": "abstract", "name": "Tracking"}}, {"pk": 15, "model": "assets.feature", "fields": {"variability": "optional", "binding_time": 1, "parent": 14, "rght": 3, "excludes": [], "requires": [1, 8], "description": "The RescueMe contacts can track a person in emergency situation using their RescueMe applications.", "level": 1, "lft": 2, "glossary": [9], "tree_id": 8, "configuration": "", "type": "concrete", "name": "Mobile Tracking"}}, {"pk": 16, "model": "assets.feature", "fields": {"variability": "optional", "binding_time": 1, "parent": 14, "rght": 5, "excludes": [], "requires": [1, 8], "description": "The RescueMe contacts can track a person in emergency situation using web browsers.", "level": 1, "lft": 4, "glossary": [9], "tree_id": 8, "configuration": "", "type": "concrete", "name": "Web Tracking"}}, {"pk": 17, "model": "assets.feature", "fields": {"variability": "mandatory", "binding_time": 1, "parent": null, "rght": 8, "excludes": [], "requires": [], "description": "The application configures the default language.", "level": 0, "lft": 1, "glossary": [], "tree_id": 6, "configuration": "", "type": "abstract", "name": "Language"}}, {"pk": 18, "model": "assets.feature", "fields": {"variability": "mandatory", "binding_time": 1, "parent": 17, "rght": 3, "excludes": [], "requires": [], "description": "The application sets the default language to English.", "level": 1, "lft": 2, "glossary": [], "tree_id": 6, "configuration": "", "type": "concrete", "name": "English Language"}}, {"pk": 19, "model": "assets.feature", "fields": {"variability": "optional", "binding_time": 1, "parent": 17, "rght": 7, "excludes": [], "requires": [17], "description": "The application sets the default language to Spanish.", "level": 1, "lft": 6, "glossary": [], "tree_id": 6, "configuration": "", "type": "concrete", "name": "Spanish Language"}}, {"pk": 20, "model": "assets.feature", "fields": {"variability": "optional", "binding_time": 1, "parent": 17, "rght": 5, "excludes": [], "requires": [], "description": "The application sets the default language to Portuguese.", "level": 1, "lft": 4, "glossary": [], "tree_id": 6, "configuration": "", "type": "concrete", "name": "Portuguese Language"}}, {"pk": 21, "model": "assets.feature", "fields": {"variability": "optional", "binding_time": 1, "parent": null, "rght": 6, "excludes": [], "requires": [], "description": "The application shows useful information about itself.", "level": 0, "lft": 1, "glossary": [], "tree_id": 1, "configuration": "", "type": "abstract", "name": "About"}}, {"pk": 22, "model": "assets.feature", "fields": {"variability": "optional", "binding_time": 1, "parent": 21, "rght": 3, "excludes": [], "requires": [], "description": "The application shows its functionalities in a \"step-by-step\" way.\r\na", "level": 1, "lft": 2, "glossary": [], "tree_id": 1, "configuration": "", "type": "concrete", "name": "How To Use"}}, {"pk": 23, "model": "assets.feature", "fields": {"variability": "optional", "binding_time": 1, "parent": 21, "rght": 5, "excludes": [], "requires": [], "description": "The application shows its version and the product name.", "level": 1, "lft": 4, "glossary": [], "tree_id": 1, "configuration": "", "type": "concrete", "name": "Info"}}, {"pk": 24, "model": "assets.feature", "fields": {"variability": "optional", "binding_time": 1, "parent": null, "rght": 6, "excludes": [], "requires": [], "description": "The application performs authentication and authorization of the application users.", "level": 0, "lft": 1, "glossary": [], "tree_id": 2, "configuration": "", "type": "abstract", "name": "Access Control"}}, {"pk": 25, "model": "assets.feature", "fields": {"variability": "optional", "binding_time": 1, "parent": 24, "rght": 5, "excludes": [], "requires": [], "description": "The application performs authentication and authorization of the application users through the web browser.", "level": 1, "lft": 4, "glossary": [], "tree_id": 2, "configuration": "", "type": "concrete", "name": "Web Access Control"}}, {"pk": 26, "model": "assets.feature", "fields": {"variability": "optional", "binding_time": 1, "parent": 24, "rght": 3, "excludes": [], "requires": [], "description": "The application performs authentication and authorization of the application users through itself.", "level": 1, "lft": 2, "glossary": [], "tree_id": 2, "configuration": "", "type": "concrete", "name": "Mobile Access Control"}}, {"pk": 27, "model": "assets.feature", "fields": {"variability": "optional", "binding_time": 1, "parent": null, "rght": 2, "excludes": [], "requires": [24], "description": "The application manages information about the user.", "level": 0, "lft": 1, "glossary": [], "tree_id": 9, "configuration": "", "type": "concrete", "name": "User Info"}}, {"pk": 28, "model": "assets.feature", "fields": {"variability": "mandatory", "binding_time": 1, "parent": 1, "rght": 5, "excludes": [], "requires": [], "description": "The application allows the user to delete a contact from the contacts list.", "level": 1, "lft": 4, "glossary": [2, 3], "tree_id": 3, "configuration": "", "type": "concrete", "name": "Delete Contact"}}, {"pk": 1, "model": "assets.glossary", "fields": {"definition": "The Common Alerting Protocol (CAP) is an XML-based data format for exchanging public warnings and emergencies between alerting technologies. CAP allows a warning message to be consistently disseminated simultaneously over many warning systems to many applications. CAP increases warning effectiveness and simplifies the task of activating a warning for responsible officials.", "term": "Common Alert Protocol"}}, {"pk": 2, "model": "assets.glossary", "fields": {"definition": "It represents a person to be contacted in an emergency situation. It includes relevant information like e-mail, phone number, Facebook ID, Twitter ID.", "term": "Contact"}}, {"pk": 3, "model": "assets.glossary", "fields": {"definition": "It is a collection of contacts sorted in an alphabetical order. ", "term": "Contact List"}}, {"pk": 4, "model": "assets.glossary", "fields": {"definition": "It is the way that the contact will receive the emergency message (e.g. e-mail, SMS, tweet).", "term": "Destination"}}, {"pk": 5, "model": "assets.glossary", "fields": {"definition": "It is a telephone number that allows contacting with local emergency services. The emergency number depends on the region.", "term": "Emergency Number"}}, {"pk": 6, "model": "assets.glossary", "fields": {"definition": "A geographic coordinate system is a coordinate system that enables every location on the Earth to be specified by a set of numbers and/or letters. The coordinates are often chosen such that one of the numbers represents vertical position, and two or three of the numbers represent horizontal position. The Global Positioning System (GPS) is an example of technology for realizing the GCS (it is available in most of the smartphones using GCS).\r\nExamples of GCSs are: \r\n\r\n- A global or spherical coordinate system such as latitude-longitude. These are often referred to as geographic coordinate systems. \r\n\r\n- Other kind of systems: Universal Transverse Mercator (UTM), Albers Equal Area, or Robinson, all of which (along with numerous other map projection models) provide various mechanisms to project maps of the earth's spherical surface onto a two-dimensional Cartesian coordinate plane. Projected coordinate systems are referred to as map projections.", "term": "Geographic Coordinate System (GCS)"}}, {"pk": 7, "model": "assets.glossary", "fields": {"definition": "It is the exact point, on the Earth's surface, retrieved by the geographic coordinate system.", "term": "Location"}}, {"pk": 8, "model": "assets.glossary", "fields": {"definition": "A region is a medium-scale area where an emergency number is shared.", "term": "Region"}}, {"pk": 9, "model": "assets.glossary", "fields": {"definition": "A way or course taken by the User in getting from a starting point to a destination.", "term": "Route"}}, {"pk": 10, "model": "assets.glossary", "fields": {"definition": "Short Message Service (SMS) is a text messaging service that allows the exchange of short text messages between mobile devices.", "term": "SMS"}}, {"pk": 11, "model": "assets.glossary", "fields": {"definition": "Microblogging service. It is a site where the user can share small messages.", "term": "Twitter"}}, {"pk": 12, "model": "assets.glossary", "fields": {"definition": "Social Web Site. It is a site where the user can share information with other contacts.", "term": "Facebook"}}, {"pk": 13, "model": "assets.glossary", "fields": {"definition": "The Global Positioning System (GPS) is a space-based satellite navigation system that provides location information in all weather conditions, where there is an unobstructed line of sight to four or more GPS satellites.", "term": "Global Positioning System (GPS)"}}, {"pk": 2, "model": "assets.usecase", "fields": {"extendsFrom": [], "precondition": "The RescueMe contact does no exist in the contacts list.", "description": "The user creates a contact providing, manually, information about the RescueMe contact.", "includesTo": [], "title": "Create contact", "feature": [3], "owner": ["tassiovale"], "alternativeSteps": [], "actors": "", "postcondition": "", "mainSteps": []}}, {"pk": 3, "model": "assets.usecase", "fields": {"extendsFrom": [], "precondition": "There are contacts in the smartphone address book", "description": "The user imports a RescueMe contact from the smartphone address book.", "includesTo": [], "title": "Import contact from smartphone address book", "feature": [4], "owner": ["tassiovale"], "alternativeSteps": [], "actors": "", "postcondition": "", "mainSteps": []}}, {"pk": 4, "model": "assets.usecase", "fields": {"extendsFrom": [], "precondition": "User has a Facebook account", "description": "The user imports a RescueMe contact from the Facebook friends list.", "includesTo": [], "title": "Import contact from Facebook", "feature": [5], "owner": ["admin"], "alternativeSteps": [], "actors": "", "postcondition": "", "mainSteps": []}}, {"pk": 5, "model": "assets.usecase", "fields": {"extendsFrom": [], "precondition": "User has a Twitter account", "description": "The user imports a RescueMe contact from Twitter followers list.", "includesTo": [], "title": "Import contact from Twitter", "feature": [6], "owner": ["admin"], "alternativeSteps": [], "actors": "", "postcondition": "", "mainSteps": []}}, {"pk": 6, "model": "assets.usecase", "fields": {"extendsFrom": [], "precondition": "There are RescueMe contacts in the database", "description": "The user deles a RescueMe contact from the list", "includesTo": [], "title": "Delete contact", "feature": [1], "owner": ["admin"], "alternativeSteps": [], "actors": "", "postcondition": "", "mainSteps": []}}, {"pk": 7, "model": "assets.usecase", "fields": {"extendsFrom": [], "precondition": "There are RescueMe contacts in the database", "description": "The user edits information of a RescueMe contact", "includesTo": [], "title": "Edit contact", "feature": [], "owner": ["tassiovale"], "alternativeSteps": [], "actors": "", "postcondition": "", "mainSteps": []}}, {"pk": 8, "model": "assets.usecase", "fields": {"extendsFrom": [], "precondition": "", "description": "The user adds an emergency number in the application.", "includesTo": [], "title": "Add emergency number", "feature": [13], "owner": ["lorenoalvim", "tassiovale"], "alternativeSteps": [], "actors": "", "postcondition": "", "mainSteps": []}}, {"pk": 9, "model": "assets.usecase", "fields": {"extendsFrom": [], "precondition": "There are emergency numbers in the database", "description": "The user edits an emergency number in the application.", "includesTo": [], "title": "Edit emergency number", "feature": [13], "owner": ["admin", "lorenoalvim", "tassiovale"], "alternativeSteps": [], "actors": "", "postcondition": "", "mainSteps": []}}, {"pk": 10, "model": "assets.usecase", "fields": {"extendsFrom": [], "precondition": "There are emergency numbers in the database", "description": "The user deletes an emergency number in the application.", "includesTo": [], "title": "Delete emergency number", "feature": [13], "owner": ["admin", "lorenoalvim", "tassiovale"], "alternativeSteps": [], "actors": "", "postcondition": "", "mainSteps": []}}, {"pk": 11, "model": "assets.usecase", "fields": {"extendsFrom": [], "precondition": "The smartphone GPS has to be turned on", "description": "Analyze which are the available emergency numbers for the user according to its geographical location.", "includesTo": [], "title": "Determine emergency numbers from the user's location", "feature": [13], "owner": ["admin", "tassiovale"], "alternativeSteps": [], "actors": "", "postcondition": "", "mainSteps": []}}, {"pk": 12, "model": "assets.usecase", "fields": {"extendsFrom": [], "precondition": "There is more than one language available in the application", "description": "The user chooses a proper language for the application", "includesTo": [], "title": "Change application language", "feature": [17], "owner": ["tassiovale"], "alternativeSteps": [], "actors": "", "postcondition": "", "mainSteps": []}}, {"pk": 13, "model": "assets.usecase", "fields": {"extendsFrom": [], "precondition": "", "description": "Show information about the application version", "includesTo": [], "title": "Show app info", "feature": [23], "owner": ["lorenoalvim"], "alternativeSteps": [], "actors": "", "postcondition": "", "mainSteps": []}}, {"pk": 14, "model": "assets.usecase", "fields": {"extendsFrom": [], "precondition": "", "description": "User learns how to use the application", "includesTo": [], "title": "Show \"how to use\" information", "feature": [22], "owner": ["tassiovale"], "alternativeSteps": [], "actors": "", "postcondition": "", "mainSteps": []}}, {"pk": 15, "model": "assets.usecase", "fields": {"extendsFrom": [], "precondition": "User has a RescueMe account", "description": "User checks information about his RescueMe account", "includesTo": [], "title": "Show user information", "feature": [27], "owner": ["tassiovale"], "alternativeSteps": [], "actors": "", "postcondition": "", "mainSteps": []}}, {"pk": 16, "model": "assets.usecase", "fields": {"extendsFrom": [], "precondition": "The smartphone is capable to send SMS messages at the moment", "description": "Send a rescue message to the RescueMe contacts through SMS", "includesTo": [], "title": "Send a SMS rescue message", "feature": [9], "owner": ["tassiovale"], "alternativeSteps": [], "actors": "", "postcondition": "", "mainSteps": []}}, {"pk": 17, "model": "assets.usecase", "fields": {"extendsFrom": [], "precondition": "The smartphone has internet connection", "description": "Send a rescue message to the RescueMe contacts through e-mail", "includesTo": [], "title": "Send a rescue message through e-mail", "feature": [12], "owner": ["tassiovale"], "alternativeSteps": [], "actors": "", "postcondition": "", "mainSteps": []}}, {"pk": 18, "model": "assets.usecase", "fields": {"extendsFrom": [], "precondition": "The smartphone has internet connection; the user has a Facebook account; the app has permission to send Facebook messages", "description": "Send a rescue message to the RescueMe contacts through Facebook messages", "includesTo": [], "title": "Send a rescue message through Facebook", "feature": [11], "owner": ["admin"], "alternativeSteps": [], "actors": "", "postcondition": "", "mainSteps": []}}, {"pk": 19, "model": "assets.usecase", "fields": {"extendsFrom": [], "precondition": "The smartphone has internet connection; the user has a Twitter account; the app has permission to send direct messages on Twitter", "description": "Send a rescue message to the RescueMe contacts through direct messages", "includesTo": [], "title": "Send a rescue message through a Twitter direct message", "feature": [10], "owner": ["admin"], "alternativeSteps": [], "actors": "", "postcondition": "", "mainSteps": []}}, {"pk": 20, "model": "assets.usecase", "fields": {"extendsFrom": [], "precondition": "RescueMe contact has internet connection", "description": "The RescueMe contact see movements of the user in a map through the browser", "includesTo": [], "title": "RescueMe contact tracks user on the web", "feature": [16], "owner": ["admin", "lorenoalvim", "tassiovale"], "alternativeSteps": [], "actors": "", "postcondition": "", "mainSteps": []}}, {"pk": 21, "model": "assets.usecase", "fields": {"extendsFrom": [], "precondition": "RescueMe contact has internet connection", "description": "The RescueMe contact see movements of the user in a map through the application", "includesTo": [], "title": "RescueMe contact tracks user on the application", "feature": [15], "owner": ["admin", "lorenoalvim", "tassiovale"], "alternativeSteps": [], "actors": "", "postcondition": "", "mainSteps": []}}, {"pk": 22, "model": "assets.usecase", "fields": {"extendsFrom": [], "precondition": "User has a RescueMe account; smartphone has internet access", "description": "User is authenticated through the application", "includesTo": [], "title": "User authentication through the application", "feature": [26], "owner": ["admin"], "alternativeSteps": [], "actors": "", "postcondition": "", "mainSteps": []}}, {"pk": 23, "model": "assets.usecase", "fields": {"extendsFrom": [], "precondition": "User has a RescueMe account; smartphone has internet access", "description": "User is authenticated through the web browser", "includesTo": [], "title": "User authentication through the web browser", "feature": [25], "owner": ["admin"], "alternativeSteps": [], "actors": "", "postcondition": "", "mainSteps": []}}, {"pk": 1, "model": "assets.testcase", "fields": {"description": "Example test case", "title": "Example test Case", "use_case": 3, "steps": [], "owner": ["admin", "tassiovale"], "expected_result": "teste"}}, {"pk": 2, "model": "assets.testcase", "fields": {"description": "This is a test to have only on the ultimate", "title": "Test Case only on Ultimate", "use_case": 21, "steps": [], "owner": ["tassiovale"], "expected_result": "Pass !"}}, {"pk": 1, "model": "assets.teststeps", "fields": {"description": "teste", "test_case": 1}}, {"pk": 2, "model": "assets.teststeps", "fields": {"description": "ertert", "test_case": 1}}, {"pk": 1, "model": "assets.mainsteps", "fields": {"use_case": 2, "step_number": "", "system_response": "App shows the contacts list", "user_action": "User chooses the \"Contacts tab\""}}, {"pk": 2, "model": "assets.mainsteps", "fields": {"use_case": 2, "step_number": "", "system_response": "App shows the \"Add contact\" view", "user_action": "User clicks on the \"Add\" button"}}, {"pk": 3, "model": "assets.mainsteps", "fields": {"use_case": 2, "step_number": "", "system_response": "App dynamically validates fields", "user_action": "User types a name, phone number and e-mail for the RescueMe contact"}}, {"pk": 4, "model": "assets.mainsteps", "fields": {"use_case": 2, "step_number": "", "system_response": "App saves the RescueMe contact in the smartphone's database and shows a success message", "user_action": "User clicks on the \"Save\" button"}}, {"pk": 5, "model": "assets.mainsteps", "fields": {"use_case": 3, "step_number": "", "system_response": "App shows the contacts list", "user_action": "User chooses the \"Contact tab\""}}, {"pk": 6, "model": "assets.mainsteps", "fields": {"use_case": 3, "step_number": "", "system_response": "App shows a list of import options", "user_action": "User presses the \"Import\" button"}}, {"pk": 7, "model": "assets.mainsteps", "fields": {"use_case": 3, "step_number": "", "system_response": "App shows the smartphone address book", "user_action": "User selects the \"Phone\" option"}}, {"pk": 8, "model": "assets.mainsteps", "fields": {"use_case": 3, "step_number": "", "system_response": "App saves the contact information in the database", "user_action": "One RescueMe contact is chosen from the smartphone address book"}}, {"pk": 9, "model": "assets.mainsteps", "fields": {"use_case": 4, "step_number": "", "system_response": "App shows the contacts list", "user_action": "User chooses the \"Contact tab\""}}, {"pk": 10, "model": "assets.mainsteps", "fields": {"use_case": 4, "step_number": "", "system_response": "App shows a list of import options", "user_action": "User presses the \"Import\" button"}}, {"pk": 11, "model": "assets.mainsteps", "fields": {"use_case": 4, "step_number": "", "system_response": "App shows the Facebook authentication screen", "user_action": "User selects the \"Facebook\" option"}}, {"pk": 12, "model": "assets.mainsteps", "fields": {"use_case": 4, "step_number": "", "system_response": "App shows screen to allow RescueMe access Facebook information", "user_action": "User provides username and password for Facebook authentication"}}, {"pk": 13, "model": "assets.mainsteps", "fields": {"use_case": 4, "step_number": "", "system_response": "App shows the Facebook friends list", "user_action": "User allows RescueMe to access Facebook information"}}, {"pk": 14, "model": "assets.mainsteps", "fields": {"use_case": 4, "step_number": "", "system_response": "App saves the contact information in the database", "user_action": "User chooses a Facebook friend"}}, {"pk": 15, "model": "assets.mainsteps", "fields": {"use_case": 5, "step_number": "", "system_response": "App shows the contacts list", "user_action": "User chooses the \"Contact tab\""}}, {"pk": 16, "model": "assets.mainsteps", "fields": {"use_case": 5, "step_number": "", "system_response": "App shows a list of import options", "user_action": "User presses the \"Import\" button"}}, {"pk": 17, "model": "assets.mainsteps", "fields": {"use_case": 5, "step_number": "", "system_response": "App shows the Twitter authentication screen", "user_action": "User selects the \"Twitter\" option"}}, {"pk": 18, "model": "assets.mainsteps", "fields": {"use_case": 5, "step_number": "", "system_response": "App shows screen to allow RescueMe access Twitter information", "user_action": "User provides username and password for Twitter authentication"}}, {"pk": 19, "model": "assets.mainsteps", "fields": {"use_case": 5, "step_number": "", "system_response": "App shows the Twitter followers list", "user_action": "User allows RescueMe to access Twitter information"}}, {"pk": 20, "model": "assets.mainsteps", "fields": {"use_case": 5, "step_number": "", "system_response": "App saves the contact information in the database", "user_action": "User chooses a follower"}}, {"pk": 21, "model": "assets.mainsteps", "fields": {"use_case": 6, "step_number": "", "system_response": "App shows the contacts list", "user_action": "User chooses the \"Contacts tab\""}}, {"pk": 22, "model": "assets.mainsteps", "fields": {"use_case": 6, "step_number": "", "system_response": "App shows the contact details", "user_action": "User chooses a RescueMe contact"}}, {"pk": 23, "model": "assets.mainsteps", "fields": {"use_case": 6, "step_number": "", "system_response": "App asks confirmation and delete the contact from database", "user_action": "User presses the delete button"}}, {"pk": 24, "model": "assets.mainsteps", "fields": {"use_case": 7, "step_number": "", "system_response": "App shows the contacts list", "user_action": "User chooses the \"Contacts tab\""}}, {"pk": 25, "model": "assets.mainsteps", "fields": {"use_case": 7, "step_number": "", "system_response": "App shows the contact details", "user_action": "User chooses a RescueMe contact"}}, {"pk": 26, "model": "assets.mainsteps", "fields": {"use_case": 7, "step_number": "", "system_response": "App shows editable fields for the contact's information", "user_action": "User presses the \"Edit\" button"}}, {"pk": 27, "model": "assets.mainsteps", "fields": {"use_case": 7, "step_number": "", "system_response": "App asks confirmation and update the contact from database", "user_action": "User modifies contact's information and press the \"Save\" button"}}, {"pk": 28, "model": "assets.mainsteps", "fields": {"use_case": 8, "step_number": "", "system_response": "App shows a list of options", "user_action": "User chooses the \"Options tab\""}}, {"pk": 29, "model": "assets.mainsteps", "fields": {"use_case": 8, "step_number": "", "system_response": "App shows a list of emergency numbers", "user_action": "User chooses the \"Emergency Numbers\" option"}}, {"pk": 30, "model": "assets.mainsteps", "fields": {"use_case": 8, "step_number": "", "system_response": "App shows a form to add emergency numbers", "user_action": "User presses the \"Add\" button"}}, {"pk": 31, "model": "assets.mainsteps", "fields": {"use_case": 8, "step_number": "", "system_response": "App asks confirmation and saves information in the database", "user_action": "User types name and phone number"}}, {"pk": 32, "model": "assets.mainsteps", "fields": {"use_case": 9, "step_number": "", "system_response": "App shows a list of options", "user_action": "User chooses the \"Options tab\""}}, {"pk": 33, "model": "assets.mainsteps", "fields": {"use_case": 9, "step_number": "", "system_response": "App shows a list of emergency numbers", "user_action": "User chooses the \"Emergency Numbers\" option"}}, {"pk": 34, "model": "assets.mainsteps", "fields": {"use_case": 9, "step_number": "", "system_response": "App shows the emergency number details", "user_action": "User chooses a emergency number"}}, {"pk": 35, "model": "assets.mainsteps", "fields": {"use_case": 9, "step_number": "", "system_response": "App shows editable fields for the emergency number information", "user_action": "User presses the \"Edit\" button"}}, {"pk": 36, "model": "assets.mainsteps", "fields": {"use_case": 9, "step_number": "", "system_response": "App asks confirmation and update the emergency number from database", "user_action": "User modifies emergency number information and press the \"Save\" button"}}, {"pk": 37, "model": "assets.mainsteps", "fields": {"use_case": 10, "step_number": "", "system_response": "App shows a list of options", "user_action": "User chooses the \"Options tab\""}}, {"pk": 38, "model": "assets.mainsteps", "fields": {"use_case": 10, "step_number": "", "system_response": "App shows a list of emergency numbers", "user_action": "User chooses the \"Emergency Numbers\" option"}}, {"pk": 39, "model": "assets.mainsteps", "fields": {"use_case": 10, "step_number": "", "system_response": "App shows the emergency number details", "user_action": "User chooses a emergency number"}}, {"pk": 40, "model": "assets.mainsteps", "fields": {"use_case": 10, "step_number": "", "system_response": "App asks confirmation and deletes the emergency number from database", "user_action": "User presses the \"Delete\" button"}}, {"pk": 41, "model": "assets.mainsteps", "fields": {"use_case": 11, "step_number": "", "system_response": "App shows the main screen and verifies the emergency numbers according to the user's location", "user_action": "User starts the application"}}, {"pk": 42, "model": "assets.mainsteps", "fields": {"use_case": 11, "step_number": "", "system_response": "App shows the options screen", "user_action": "User chooses the \"Options tab\""}}, {"pk": 43, "model": "assets.mainsteps", "fields": {"use_case": 11, "step_number": "", "system_response": "App shows the emergency numbers list", "user_action": "User chooses the \"Emergency numbers\" option"}}, {"pk": 44, "model": "assets.mainsteps", "fields": {"use_case": 12, "step_number": "", "system_response": "App shows the options list", "user_action": "User chooses the \"Options tab\""}}, {"pk": 45, "model": "assets.mainsteps", "fields": {"use_case": 12, "step_number": "", "system_response": "App shows the available languages", "user_action": "User presses the \"Language\" button"}}, {"pk": 46, "model": "assets.mainsteps", "fields": {"use_case": 12, "step_number": "", "system_response": "App is adapted to the chosen language", "user_action": "User selects the proper language"}}, {"pk": 47, "model": "assets.mainsteps", "fields": {"use_case": 13, "step_number": "", "system_response": "App shows the options list", "user_action": "User chooses the \"Options tab\""}}, {"pk": 48, "model": "assets.mainsteps", "fields": {"use_case": 13, "step_number": "", "system_response": "App shows a dialog with its info", "user_action": "User chooses the \"App info\" option"}}, {"pk": 49, "model": "assets.mainsteps", "fields": {"use_case": 14, "step_number": "", "system_response": "App shows the options list", "user_action": "User chooses the \"Options tab\""}}, {"pk": 50, "model": "assets.mainsteps", "fields": {"use_case": 14, "step_number": "", "system_response": "App shows a screen with information about how to use the application", "user_action": "User presses the \"How to Use\" button"}}, {"pk": 51, "model": "assets.mainsteps", "fields": {"use_case": 15, "step_number": "", "system_response": "App shows the options list", "user_action": "User chooses the \"Options tab\""}}, {"pk": 52, "model": "assets.mainsteps", "fields": {"use_case": 15, "step_number": "", "system_response": "App shows a screen with the user account information", "user_action": "User presses the \"Account info\" button"}}, {"pk": 53, "model": "assets.mainsteps", "fields": {"use_case": 16, "step_number": "", "system_response": "App sends a SMS to the RescueMe contacts containing the user's location and a web link to track him", "user_action": "User presses the \"Red button\""}}, {"pk": 54, "model": "assets.mainsteps", "fields": {"use_case": 17, "step_number": "", "system_response": "App sends an e-mail to the RescueMe contacts containing the user's location and a web link to track him", "user_action": "User presses the \"Red button\""}}, {"pk": 55, "model": "assets.mainsteps", "fields": {"use_case": 18, "step_number": "", "system_response": "App sends a Facebook message to the RescueMe contacts containing the user's location and a web link to track him", "user_action": "User presses the \"Red button\""}}, {"pk": 56, "model": "assets.mainsteps", "fields": {"use_case": 19, "step_number": "", "system_response": "App sends a direct message on Twitter to the RescueMe contacts containing the user's location and a web link to track him", "user_action": "User presses the \"Red button\""}}, {"pk": 57, "model": "assets.mainsteps", "fields": {"use_case": 20, "step_number": "", "system_response": "A web browser is started", "user_action": "RescueMe contact clicks on the tracking link"}}, {"pk": 58, "model": "assets.mainsteps", "fields": {"use_case": 20, "step_number": "", "system_response": "Web browser updates the user's position periodically (each 5 seconds the app user sends information to the RescueMe server)", "user_action": "RescueMe contact sees the map containing user's track"}}, {"pk": 59, "model": "assets.mainsteps", "fields": {"use_case": 21, "step_number": "", "system_response": "App is started", "user_action": "RescueMe contact clicks on the tracking link"}}, {"pk": 60, "model": "assets.mainsteps", "fields": {"use_case": 21, "step_number": "", "system_response": "App updates the user's position periodically (each 5 seconds the app user sends information to the RescueMe server)", "user_action": "RescueMe contact sees the map containing user's track"}}, {"pk": 61, "model": "assets.mainsteps", "fields": {"use_case": 22, "step_number": "", "system_response": "App shows the login screen", "user_action": "User opens the app"}}, {"pk": 62, "model": "assets.mainsteps", "fields": {"use_case": 22, "step_number": "", "system_response": "App verifies user's credentials and shows the main screen of the app", "user_action": "User types username and password, then press the \"Login\" button"}}, {"pk": 63, "model": "assets.mainsteps", "fields": {"use_case": 23, "step_number": "", "system_response": "Web browser shows the login screen", "user_action": "User opens the web browser"}}, {"pk": 64, "model": "assets.mainsteps", "fields": {"use_case": 23, "step_number": "", "system_response": "Server verifies user's credentials and shows the main screen of the app", "user_action": "User types username and password, then press the \"Login\" button"}}, {"pk": 1, "model": "assets.alternativesteps", "fields": {"use_case": 2, "user_action": "User clicks on the \"Save\" button", "system_response": "App shows an error message saying the contact already exists in the database"}}, {"pk": 2, "model": "assets.alternativesteps", "fields": {"use_case": 3, "user_action": "One RescueMe contact is chosen from the smartphone address book", "system_response": "App shows an error message saying the user already exists in database"}}, {"pk": 3, "model": "assets.alternativesteps", "fields": {"use_case": 4, "user_action": "User doesn't allow RescueMe to access Facebook information", "system_response": "App shows an error message saying it is not possible importing Facebook friends to the contacts list"}}, {"pk": 4, "model": "assets.alternativesteps", "fields": {"use_case": 4, "user_action": "User chooses a Facebook friend that already exists in database", "system_response": "App shows an error message saying the user already exists in database"}}, {"pk": 5, "model": "assets.alternativesteps", "fields": {"use_case": 4, "user_action": "User chooses a Facebook friend that already exists in database, but does not have facebook information", "system_response": "App shows a message proposing the merging of these two contacts. If the user accepts it, the information is saved"}}, {"pk": 6, "model": "assets.alternativesteps", "fields": {"use_case": 5, "user_action": "User doesn't allow RescueMe to access Twitter information", "system_response": "App shows an error message saying it is not possible importing Twitter followers to the contacts list"}}, {"pk": 7, "model": "assets.alternativesteps", "fields": {"use_case": 5, "user_action": "User chooses a Twitter follower that already exists in database", "system_response": "App shows an error message saying the user already exists in database"}}, {"pk": 8, "model": "assets.alternativesteps", "fields": {"use_case": 5, "user_action": "User chooses a Twitter follower that already exists in database, but does not have twitter information", "system_response": "App shows a message proposing the merging of these two contacts. If the user accepts it, the information is saved"}}, {"pk": 9, "model": "assets.alternativesteps", "fields": {"use_case": 6, "user_action": "User presses the delete button", "system_response": "App asks confirmation"}}, {"pk": 10, "model": "assets.alternativesteps", "fields": {"use_case": 6, "user_action": "User presses the cancel button", "system_response": "App shows the contact details"}}, {"pk": 11, "model": "assets.alternativesteps", "fields": {"use_case": 7, "user_action": "User presses the \"Edit\" button", "system_response": "App asks confirmation"}}, {"pk": 12, "model": "assets.alternativesteps", "fields": {"use_case": 7, "user_action": "User presses the \"Cancel\" button", "system_response": "App shows the contact details"}}, {"pk": 13, "model": "assets.alternativesteps", "fields": {"use_case": 8, "user_action": "User types name and phone number", "system_response": "App shows an error message saying the number already exists in database"}}, {"pk": 14, "model": "assets.alternativesteps", "fields": {"use_case": 9, "user_action": "User presses the \"Edit\" button", "system_response": "App shows editable fields for the emergency number information"}}, {"pk": 15, "model": "assets.alternativesteps", "fields": {"use_case": 9, "user_action": "User presses the \"Cancel\" button", "system_response": "App asks confirmation and shows the emergency number details"}}, {"pk": 16, "model": "assets.alternativesteps", "fields": {"use_case": 10, "user_action": "User presses the \"Delete\" button", "system_response": "App asks confirmation"}}, {"pk": 17, "model": "assets.alternativesteps", "fields": {"use_case": 10, "user_action": "User presses the \"Cancel\" button", "system_response": "App shows the emergency number details"}}, {"pk": 18, "model": "assets.alternativesteps", "fields": {"use_case": 11, "user_action": "User starts the application", "system_response": "App shows an error message saying the GPS is turned off. Then, offers an option to turn on the smartphone GPS"}}, {"pk": 19, "model": "assets.alternativesteps", "fields": {"use_case": 22, "user_action": "User types username and password, then press the \"Login\" button", "system_response": "App shows an error message saying the username is nor registered in the database"}}, {"pk": 20, "model": "assets.alternativesteps", "fields": {"use_case": 22, "user_action": "User types username and password, then press the \"Login\" button", "system_response": "App shows an error message saying the password is incorrect"}}, {"pk": 21, "model": "assets.alternativesteps", "fields": {"use_case": 23, "user_action": "User types username and password, then press the \"Login\" button", "system_response": "Web browser shows an error message saying the username is nor registered in the database"}}, {"pk": 22, "model": "assets.alternativesteps", "fields": {"use_case": 23, "user_action": "User types username and password, then press the \"Login\" button", "system_response": "Web browser shows an error message saying the password is incorrect"}}, {"pk": 1, "model": "assets.testexecution", "fields": {"result": "failed", "test_case": 1}}, {"pk": 1, "model": "assets.userstory", "fields": {"features": [21], "as_a": "Teste", "name": "Teste", "i_want": "teste", "so_that": "teste", "constraints": []}}, {"pk": 2, "model": "assets.userstory", "fields": {"features": [15], "as_a": "Client", "name": "Test only Ultimate", "i_want": "Do things", "so_that": "I can track someone", "constraints": []}}, {"pk": 1, "model": "assets.constraint", "fields": {"restriction_n": "Can't have it", "user_story": 2}}, {"pk": 1, "model": "assets.acceptancetest", "fields": {"user_story": 1, "given": "teste", "when": "teste", "name": "Teste", "then": "teste"}}, {"pk": 1, "model": "assets.acceptancetestexecution", "fields": {"date": "2013-12-09", "observation": "tee", "result": "pass", "acceptance_test": 1}}, {"pk": 1, "model": "assets.note", "fields": {"date": "2013-06-18", "note": "Bruno is going to have an exam related to a university course, and he is not going to be able to work in this project between July 15th and 17.", "result": "", "release": "2.0", "title": "Bruno's absence on July 2013"}}, {"pk": 2, "model": "assets.note", "fields": {"date": "2013-06-18", "note": "Tassio is a organization team member of the SBQS 2013 symposium and he will not be able to do the RescueMe SPL activities from June 20th to July 5th.", "result": "", "release": "2.0", "title": "Tassio's absence on June and July"}}, {"pk": 3, "model": "assets.note", "fields": {"date": "2013-09-06", "note": "All developers are taking a training on Test-Driven Development for iOS applications. It will take two weeks. The developers have to be able to write code according to TDD practices until September 19th.", "result": "", "release": "2.0", "title": "TDD training for two weeks"}}]